Repository,Commits in Last 365 Days
3D_Collaboration,4
3D_Model_Imaging,10
3D_Printing,12
3D_STL_Manager,4
4TRESS,12
Abandoned_Locations,22
Activity_Balancer,5
Advent_Money,13
Aerospace_Simulator,4
AGI,4
AI,20
Airborne_Car_Deployment,5
Airplane_Contrails,2
Airplane_Design,6
Air_Bubble_Clock,6
Air_Vortex_Blower,7
AI_Design_Contests,39
AI_Flipbook,7
Alex_Aldridge,10
Algorithm_Generator,2
Alien_Life,10
Amazon_Premium,6
Ancient_Egypt,9
Android_App_Simulator,10
Animal_Product,15
Animated_Plots,9
Apple_II_Simulator,4
Archcraft_Apps,2
Archcraft_Python,4
Architectural_Software_Design,4
Architecture_Diagram,2
ArduinoTarget,0
Artificial_Group_Chat,19
Artificial_Superintelligence,6
Artist_Radar,4
ASL_GIF_Maker,10
Astronaut_Jargon,5
Astronomy_Programmer,2
Atomic_Simulator,3
Attribute_Analyzer,7
Audio_Emulator,2
Automated_3D_Modelling,12
Automated_Business,11
Automatic_Python_Libraries,4
Automatic_X_Milestones,4
Automation_Diagnostics,5
Awesome-GPT-Store,170
Bank_Vault_Boxes,4
Batch,5
Batch_File_Simulator,2
Battery_Level_Cursor,8
Bias_Analyzer,14
Biologically_Engineered,17
Biological_Computer_Board,6
Biological_Reactor,3
Biological_Simulator,3
Biological_Taxonomy,9
Blockchain_Simulator,2
Boats,17
Body_Dryer_Pod,2
Brand_Consistency,2
Brand_Loyalty,4
Browser_Extension,9
Budget_Balancer,2
Building_Plan,4
Bulk_File_Classification,17
Burj_Khalifa_Simulator,3
Business_Advice,3
Business_Automation,9
Business_Automation_Problem,8
Business_Compliance,3
Business_Conglomerate,4
Business_Exchange,2
Business_Marketizer,3
Business_Maturity,4
Business_Model_Simulator,20
Business_Prediction,7
Business_Problem-Word_Tool,8
Business_Profile,3
Business_Rating,6
Business_Research,3
Buster_Keaton,7
Calendar_Math,27
Camera,5
Camping_Compass,6
Canadian_Clerk_Table_Calendar,4
Canadian_Metis,9
Canadian_Weather,9
Cancer,45
Cannabis,13
CAPTCHA_Game,4
Car_Design,9
Casino_Tactics,2
Catch_Them_All,4
Chain_Story,9
Character_Product,4
Chatbot_Environment,20
ChatGPT,1642
ChatGPT_Actions,6
ChatGPT_Books,5
ChatGPT_Preview_Panel_Assistant,3
Chat_Simulator,11
Cheat_Codes,5
Cheminformatics,4
Chemistry_Simulator,16
Chinese_Manufacturing,6
Cluster_Computing,4
Code_Challenge,2
Collaborative_Advertising,3
Combat_Demolition,2
Combination_Custom_GPT,5
Comfort-Navigation_Math,3
Communication,10
Community_Automation,2
Community_Model,2
Company_News,4
Compare_Videos,2
Computer_Mouse_Factory,2
Concept_Design,8
Connect-Xs,16
Connect_Four,8
Conspiracy_Theory,2
Contact_Verification,5
Contract_Program,7
Copyright_AI,5
Copyright_Free,3
Corn_Cob_Rotisserie,7
COVID-19,3
Coworking_Automation,23
Creative_Decay,3
Cults3D_Sales_Data_Analyzer,9
Cults_3D,4
Cumulative_Vehicle_Insurance,2
Cura_Infocard,4
Currencies,20
Cursor_Taskbar_Menu,5
Custom_GPTs,3
Custom_GPT_Analyzer,7
Custom_GPT_Apps,5
Custom_GPT_Collab,2
Custom_GPT_Service,4
DALL-E_3,7
DALL-E_Analyzer,5
Dataset_Analyzer,8
Data_Architect,5
Data_Generator,17
Data_Hardware,16
Data_Marketer,10
Data_Metrics,7
Data_Projects,89
Debunk_Science,3
Deceptive_Business,21
Decisions,22
Decision_Automation,24
Deep_Learning_Simulator,4
Design_Marketability,11
Developing_Friends,2
Development_Organizer,5
Diagram_Expand,3
Diddy_Kong,8
Digital_Brand_Footprint,8
Digital_Experiment,4
Discount_Auctioning,16
Document_Complexity,4
Document_Condenser,3
Document_Emulator,4
Document_Enhancer,2
Document_Statistics,2
Document_Template,2
Doors_Loopy,4
Dormant_Music_Files,4
Drugs,20
Drug_Product,15
Drug_Simulator,2
Dynamic_Reader,2
Dynamic_Text_Editor,3
Dyson_Bladeless_PC,7
E-commerce_Simulator,2
Economy_Simulator,3
Educating_Computers,2
Electronic_Flagpole,3
Electronic_Preservation,4
Emergency_Buoys,8
Encoded_Interactive_Graphic_Format,5
Encrypted_Exchange,6
Encryption,11
Encryption_Specialist,2
Endorsement_Advisor,2
Energy,7
English_Orthoepy,2
EV,12
Event_Model_Simulator,25
EV_Charging,10
Expandability_Agent,7
Expanding_Mosaic,2
Experience_Modes,2
Experiments,7
Experiment_Generator,2
Experiment_Proof,3
Extra_ChatGPT_Images,15
Face_Compare,4
Face_Zoom_GIF,6
Factory_Simulator,41
Failsafe_Planner,21
Fake_Information_Purifier,2
Fashion_Product,15
Fillable_Quiz,4
Finance_Model,2
Financial_Threshold,3
Food_Balancer,2
Food_Design,21
Food_Inhalant,4
Format_Analyzer,2
Format_Developer,11
Fortnite_Game_Modes,5
Fortnite_Storm_Shield,8
Fortnite_Triple_Royale,3
Fractal_Art_Creator,5
Freshwater_Weeds,2
Future_Resale_Value,11
Game_Architect,4
Game_Consoles,7
Game_Development,5
Gaming,10
Garbage,14
Gas-Cooled_Computer,7
Geology_Simulator,7
Gift_Radar,2
GitHub,32
GitHub_Commit_Analyzer,6
Global_Problems,40
Global_Warming,2
Gold,5
Golf_Balls,7
Google,3
Google_Chrome_Context_Menu_Holder,4
Google_Earth_Dynamics,3
Google_Images_Checkbox,3
Government,11
GPT_Simulator,10
GPT_Simulators,46
Graffiti,7
Grand_Theft_Auto_8,21
Group_Optimizer,6
Guns,8
Hacked_Image,3
Hardware_Twin,6
Harry_Potter_Chat,5
Health,55
heart-shooting-gallery,7
Helipad_Pi,6
Highlighted_Map,5
History_Product,14
History_Simulator,4
House_Design,22
House_Manufacturing,6
Huge_Cursor,6
Humanoid,11
Human_Culture,5
Idea_Analyst,10
Image_Authenticator,8
Image_Caption,3
Image_Contest,4
Image_Emulator,9
Image_Metadata,5
Image_Tagger,2
Immigrant_Adapter,3
Indian_Terminology,4
Industry_Antimodel,7
Industry_Calendar,7
Industry_Dictionary,3
Industry_Influencer,5
Industry_Notepad,6
Industry_Simulator,28
Information_Conflicts,2
Information_Data_Quality,5
Insect_Box,2
Intelligence_Information,12
Interior_Paint_Accelerant,2
International_Business,9
International_Compatibility,95
Internet_Content,5
Invasive_Fish,2
Investing_Simulator,2
Isotope_Engineer,5
James_Bond_Chat,3
JavaScript_Projects,6
Job_Generator,2
Job_Quality,2
Keybind_Instructions,10
Kick_Limit_Soccer_Game,11
Krazy_Roo,4
Land_Palette,6
Language_Barriers,7
Laptop_Design,23
Lawn_Mowing_Patterns,5
Law_Document,5
Law_Simple,10
Law_Standard,2
Levitation_Lab,11
Licenses,23
Live_Data_Developer,4
Local_Business_Startup,5
Location_Historian,2
Logic_Gate_Tree_Diagrams,3
Logo_Generator,5
Luxury_Design,22
Maglev_Speaker,3
Manual_Coffee_Pod_Brewer,3
Manufacturing,7
Manufacturing_Source,5
Marine_Simulator,3
Marketing_Distributor,3
Market_Simulator,4
Mars,70
Marty_McFly_Chat,4
Material_Price,7
Math,19
Math_Programmer,9
Math_Simulator,10
Matplotlib_Layers,5
Medical_Equipment,67
Metadata_Generator,3
Microcontroller_Boards,12
Military_Overlord,4
Military_Product,14
Mister_Beast,4
Modernization,25
Modern_Lava_Lamp,4
Mood_Gauge,4
Motorsport_Manager,3
Mouse_History_Visualizer,4
Mouse_Pointer_Circle,7
Movie_Developer,5
Movie_Product,9
Movie_Prop_Design,5
Multiuser_Meeting_Locator,3
MUND-A,3
Museum_Simulator,4
Music_BPM_Mp3,9
Music_Mixology,3
Mystery_Gift_Box,2
Myth_Proof,3
My_Canada_Account,0
My_News_Report,2
Nanuk_904,10
Narrative_Search,4
National_Commander,6
National_Template,7
Neuroscience,5
Not_Sure_Meme,18
Ocean-Invaders,0
Office_Comfort,6
Ontario_Parks_Canada,6
Opinionated_Analysis_Report,7
Optimal_Combination,2
Organize_Emergency,4
OS_Developer,3
Outsourcing_Agent,4
Paint_Challenge,18
Patent_Advisor,2
Patreon,6
PCB_Architect,8
PC_Design,11
PDF_Image_Extractor,4
PDF_to_Image,2
Per-key_RGB_Keyboard,9
Personality_Template,18
Photo_Location,7
Physics_Experiments,26
Pi-PC_Case,4
Plain_Text,57
Plant_Food_Creator,2
Plan_Generator,3
PlayerCode,0
Playlist_Generator,6
Policies,3
Political_Critic,2
Political_Simulator,2
Popular_Perfection,23
Pothole_Prediction,7
POV,2
Power-Time_Logger,10
Power_Grid_Simulator,2
Predictions,9
Prediction_Proof,3
Predictive_Route,3
Primary-Secondary,2
Process,21
Process_Automation,23
Process_Diagram,53
Product_Analyst,3
Product_Authenticator,7
Product_Benchmark,4
Product_Demand,7
Product_Demo,10
Product_Design,34
Product_Design_Analysis,7
Product_Lifecycle,3
Product_Rating,9
Product_Tester,4
Professionalize,2
Professional_Value,2
Programming_Compatibility,3
Programming_Complexity,9
Programming_Diagnostics,6
Programming_Language_Writer,21
Program_Performance,3
Promotion_Planner,4
Provenance,10
Public_Simulator,4
Public_Work,17
Python,7
Python_Diagnostics,6
Python_Game_Builder,2
Python_List_Lab,4
Python_Simulator,2
Python_Utilities,7
Quantum,10
Quantum_Biology_Simulator,4
Quantum_Reactor,2
Quantum_Simulator,4
Quick_Thinker,3
Rage_Wakeboarding,2
Regional_Weather_Radar,6
Regulated_File_Manager,3
Rename,3
Repo_Card_Generator,5
Research_Automation,3
Research_Generator,8
Research_Planner,5
RetroMarioAirplane,1
Retropie_Le_Potato,1
Retrowriter,2
Reused_Satellites,5
Reverse_Engineer,2
Right-Click_Converter,3
Road_Director,7
Road_Optimizer,9
Russo-Ukrainian_War,11
Safety_Recalls,6
Sam_Altman,4
Science,5
ScreenTimeBreak,0
Scuba_Zip,2
Search_Multiplier,10
Search_Programmer,6
Security_Simulator,4
Sediment_Coagulation,5
Seedling_Location_Optimizer,3
Send_to_New_Folder,3
Sequenced_File_Folders,4
Serial_Format,3
Serial_Simulator,11
Set_Stage_Design,60
Shoreline_Trimmer,3
Simple_Chatbot,7
Simulated_Boss,3
Skateboating,3
Skateless_Hockey,4
Sketch_GUI,3
Skydive_Dirt_Biking,2
SkyTetris,0
Sliced_GIF_Maker,6
Smart_Folder,15
Smart_Laundry_Basket,2
Smart_Web_Search,6
SMS_Games,1
SMS_Web_Search,5
Snow_Load,3
Social_Security,4
Software_Intelligence,2
Soil_Analyzer,2
sourceduty,984
Sourceduty_2,10
Sourceduty_Business,61
Sourceduty_Calculator,30
Sourceduty_News,2
Sourceduty_Notepad,134
Sourceduty_OS,14
Sourceduty_Services,29
Source_Invaders,7
Space,31
SpaceX_Starship,59
Space_Agencies,5
Space_Maintenance,7
Space_Station_Guide,5
Spelling_Solver,14
Sphere_Tanks,3
Sports_Insider,10
Sports_Product,43
Spot_the_Difference,6
SQL,4
Standard_Government,4
Standard_Laptops,6
Starlink,3
Startup_Business_Agent,2
Sticky_Ball,7
Stock_Market_AI,2
Storage_Organization,22
Subsidiary_Business,4
Sudoku_Challenge,3
Sugar_Sensor,3
System_Structure,4
Tactical_Grizzly,2
Tactical_Vehicle_Strategy,2
Tattoo_Scars,4
Tax_Loophole,5
Termux,4
Terrorism,9
Tesla_Coil,9
Tesla_Design,19
Tesla_Turbine,5
Text_Emulator,3
Text_File_Name_Suggestion,3
Theorem_Proof,22
Theory_Proof,8
Thermal_Goggles,2
Thermal_Imaging_Microwave,4
Thermal_Imaging_PC_Case,5
The_Corporation_of_Canada,4
Thinkability,5
Throwback_Legends,4
Timed_Calculator,2
Timeless_Products,3
Topology_Optimize,44
Trading_Bot_Simulator,7
Trains,12
Transvalue_Developer,6
Trash_Capacity,5
Travel_Notepad,4
Travel_Spots,3
Treasure_Hunt,2
Trending_Business,3
TV_Channels,4
Tweet_Marketplace,6
Tweet_Prescheduler,2
Twitter,7
UFO_Traffic_Light,3
Unknown_Research,5
Unlikely_Concept_Ideas,24
UN_Simulator,19
Upcycle_Design,8
Urban_Update,3
Urine_Clarifier,4
Usability_Analyzer,2
Usagespan,8
Vehicle_Accident_Areas,2
Vehicle_Design,122
Vehicle_Rating,7
Vehicle_Speed_Reducer,2
Vending_Trust,6
Video_Caption_Summary,7
Video_Game_History,3
Video_Instructor,11
Video_Meme_Compiler,3
Video_Speed_Compression,2
Viral_Trends,4
Virtual_Hide_and_Seek,7
Visualization_Analyzer,3
Voicemail-2-Text,5
Vote_Advisor,2
VPN,7
Walk_the_Plank,2
Wall-Tetris,0
War_Technology,9
Weather_Pi,5
Web_Download_Queue,8
Weddings,11
Wedding_Design,20
What_the_FAQ,4
White_Noise,6
Wikipedia,2
Willy_Wonka_Chat,3
Window-Mounted_Computer,5
Windows,4
Windows_Deviance,3
Window_Rotation_Game,4
Word_to_GIF,9
Work_Distributor,2
World_Clocks,8
World_Systems,4
WW2,15
WW3,5
xAI,4
YouTube,5
YouTube-Subtitle-Analytics,0
YouTube_Automation,3
YouTube_Subtitles_Converter,5
YouTube_Video_Card,6
ZIP_Topology,4
,7790
